Citra,Kondisi,Metode,Threshold,Foreground_Pixel,Foreground_Ratio,Prediksi
01_HighQuality_Enhanced (4).jpg,ADA TANDA TANGAN,Global,145.0,22736,7.5549692464635925,SIGNATURE PRESENT
01_HighQuality_Enhanced (4).jpg,ADA TANDA TANGAN,Otsu,157.0,23832,7.919160234065814,PERBANDINGAN
02_LowContrast (3).jpg,ADA TANDA TANGAN,Global,145.0,7101,2.3595987253315434,SIGNATURE PRESENT
02_LowContrast (3).jpg,ADA TANDA TANGAN,Otsu,197.0,23962,7.962358070186514,PERBANDINGAN
03_Blurred (3).jpg,ADA TANDA TANGAN,Global,145.0,14175,4.710225592391864,SIGNATURE PRESENT
03_Blurred (3).jpg,ADA TANDA TANGAN,Otsu,196.0,33605,11.166640637201313,PERBANDINGAN
04_HighNoise (3).jpg,ADA TANDA TANGAN,Global,145.0,20700,6.878424674603992,SIGNATURE PRESENT
04_HighNoise (3).jpg,ADA TANDA TANGAN,Otsu,164.0,23152,7.693202322049837,PERBANDINGAN
05_LowResolution_Upsampled (2).jpg,ADA TANDA TANGAN,Global,145.0,19292,6.410558880312088,SIGNATURE PRESENT
05_LowResolution_Upsampled (2).jpg,ADA TANDA TANGAN,Otsu,179.0,26434,8.783781538574006,PERBANDINGAN
06_Faded_Underexposed (2).jpg,ADA TANDA TANGAN,Global,145.0,28644,9.51814475262593,SIGNATURE PRESENT
06_Faded_Underexposed (2).jpg,ADA TANDA TANGAN,Otsu,123.0,24192,8.038785011015449,PERBANDINGAN
07_ColorShift_WarmTint (2).jpg,ADA TANDA TANGAN,Global,145.0,21859,7.263549998172398,SIGNATURE PRESENT
07_ColorShift_WarmTint (2).jpg,ADA TANDA TANGAN,Otsu,164.0,24097,8.007217361542628,PERBANDINGAN
08_JPEGCompression_Artifacts (2).jpg,ADA TANDA TANGAN,Global,145.0,21053,6.9957234142240505,SIGNATURE PRESENT
08_JPEGCompression_Artifacts (2).jpg,ADA TANDA TANGAN,Otsu,170.0,24230,8.051412070804577,PERBANDINGAN
09_CombinedDegradation (1).jpg,ADA TANDA TANGAN,Global,145.0,26388,8.76849615040822,SIGNATURE PRESENT
09_CombinedDegradation (1).jpg,ADA TANDA TANGAN,Otsu,143.0,25881,8.600024589537485,PERBANDINGAN
01_HighQuality_Enhanced (4)_TANPA_TTD,TIDAK ADA TANDA TANGAN,Global,145.0,22,0.007310403035811007,SIGNATURE ABSENT
01_HighQuality_Enhanced (4)_TANPA_TTD,TIDAK ADA TANDA TANGAN,Otsu,212.0,1723,0.5725374741228347,PERBANDINGAN
02_LowContrast (3)_TANPA_TTD,TIDAK ADA TANDA TANGAN,Global,145.0,15,0.004984365706234777,SIGNATURE ABSENT
02_LowContrast (3)_TANPA_TTD,TIDAK ADA TANDA TANGAN,Otsu,208.0,19842,6.593318956207363,PERBANDINGAN
03_Blurred (3)_TANPA_TTD,TIDAK ADA TANDA TANGAN,Global,145.0,0,0.0,SIGNATURE ABSENT
03_Blurred (3)_TANPA_TTD,TIDAK ADA TANDA TANGAN,Otsu,218.0,44116,14.659351833083562,PERBANDINGAN
04_HighNoise (3)_TANPA_TTD,TIDAK ADA TANDA TANGAN,Global,145.0,18,0.005981238847481732,SIGNATURE ABSENT
04_HighNoise (3)_TANPA_TTD,TIDAK ADA TANDA TANGAN,Otsu,231.0,13904,4.620174718632556,PERBANDINGAN
05_LowResolution_Upsampled (2)_TANPA_TTD,TIDAK ADA TANDA TANGAN,Global,145.0,0,0.0,SIGNATURE ABSENT
05_LowResolution_Upsampled (2)_TANPA_TTD,TIDAK ADA TANDA TANGAN,Otsu,229.0,36383,12.089745165995993,PERBANDINGAN
06_Faded_Underexposed (2)_TANPA_TTD,TIDAK ADA TANDA TANGAN,Global,145.0,0,0.0,SIGNATURE ABSENT
06_Faded_Underexposed (2)_TANPA_TTD,TIDAK ADA TANDA TANGAN,Otsu,158.0,93089,30.93264128184594,PERBANDINGAN
07_ColorShift_WarmTint (2)_TANPA_TTD,TIDAK ADA TANDA TANGAN,Global,145.0,21,0.006978111988728688,SIGNATURE ABSENT
07_ColorShift_WarmTint (2)_TANPA_TTD,TIDAK ADA TANDA TANGAN,Otsu,206.0,2036,0.6765445718596004,PERBANDINGAN
08_JPEGCompression_Artifacts (2)_TANPA_TTD,TIDAK ADA TANDA TANGAN,Global,145.0,16,0.005316656753317096,SIGNATURE ABSENT
08_JPEGCompression_Artifacts (2)_TANPA_TTD,TIDAK ADA TANDA TANGAN,Otsu,217.0,2944,0.9782648426103456,PERBANDINGAN
09_CombinedDegradation (1)_TANPA_TTD,TIDAK ADA TANDA TANGAN,Global,145.0,0,0.0,SIGNATURE ABSENT
09_CombinedDegradation (1)_TANPA_TTD,TIDAK ADA TANDA TANGAN,Otsu,187.0,49445,16.430130822985237,PERBANDINGAN
