Nama File,Area Uji,Jumlah Piksel Foreground,Rasio Foreground,Status Keputusan
01_HighQuality_Enhanced (4).jpg,Area TTD,23080,7.67%,SIGNATURE PRESENT
01_HighQuality_Enhanced_NoTTD.jpg,Area Kosong,1012,0.62%,SIGNATURE ABSENT
02_LowContrast (3).jpg,Area TTD,202,0.07%,SIGNATURE ABSENT
02_LowContrast_NoTTD (2).jpg,Area Kosong,0,0.00%,SIGNATURE ABSENT
03_Blurred (3).jpg,Area TTD,33514,11.14%,SIGNATURE PRESENT
03_Blurred_NoTTD.jpg,Area Kosong,554,0.34%,SIGNATURE ABSENT
04_HighNoise (3).jpg,Area TTD,22292,7.41%,SIGNATURE PRESENT
04_HighNoise_NoTTD.jpg,Area Kosong,1011,0.62%,SIGNATURE ABSENT
05_LowResolution_Upsampled (2).jpg,Area TTD,26259,8.73%,SIGNATURE PRESENT
05_LowResolution_Upsampled_NoTTD.jpg,Area Kosong,810,0.49%,SIGNATURE ABSENT
06_Faded_Underexposed (2).jpg,Area TTD,23621,7.85%,SIGNATURE PRESENT
06_Faded_Underexposed_NoTTD.jpg,Area Kosong,1022,0.62%,SIGNATURE ABSENT
07_ColorShift_WarmTint (2).jpg,Area TTD,23491,7.81%,SIGNATURE PRESENT
07_ColorShift_WarmTint_NoTTD.jpg,Area Kosong,1018,0.62%,SIGNATURE ABSENT
08_JPEGCompression_Artifacts (2).jpg,Area TTD,23640,7.86%,SIGNATURE PRESENT
08_JPEGCompression_Artifacts_NoTTD.jpg,Area Kosong,1022,0.62%,SIGNATURE ABSENT
09_CombinedDegradation (1).jpg,Area TTD,25491,8.47%,SIGNATURE PRESENT
09_CombinedDegradation_NoTTD.jpg,Area Kosong,1063,0.65%,SIGNATURE ABSENT
